"樓層數(ex 1, 1-1)",重新編碼,Text,價格,尺寸,品質,服務態度,舒適度,公關,代言,外觀,品牌
B1,B1,我也有發現！雖說是陸製但我更看重材質，好穿的話哪一個國家製我根本不在乎！重點是它們家的鞋子真的！真的！不好穿！😭 至少也挑一下材質吧！不要一味一直狂打廣告，品質卻是堪憂啊！,0,0,1,0,1,0,0,0,
B1-1,B2,B1 我覺得在淘寶單價超過500以上的東西通常比台灣差不多價錢的好,1,0,1,0,0,0,0,0,
B1-2,B3,B1 真的很難穿 穿一次之後就封印了🥲🥲🥲,0,0,0,0,1,0,0,0,
B1-6,B7,B1 淘寶認真挑很多都材質很好 我是覺得沒必要反陸製畢竟生活中一堆東西都是陸製,0,0,1,0,0,0,0,0,
B2,B14,"大腳女生經過

之前曾經買過D+AF幾雙鞋
嘗試幾次都是穿到起水泡跟鞋子縫線繃開...
還有過馬路鞋底直接開口笑的....(超丟臉)
(附圖證明去年九月的慘痛教訓)",0,1,1,0,1,0,0,0,
B2,B14,現在除了日常買淘寶外 台灣大尺碼只會推amai跟grace 走起來舒服也耐穿,0,1,1,0,1,0,0,0,amai
B2,B14,現在除了日常買淘寶外 台灣大尺碼只會推amai跟grace 走起來舒服也耐穿,0,1,1,0,1,0,0,0,grace
B2-2,B16,"不過第一名還是amai
上次去ATT門市試穿，門市人員服務超貼心
當週宅配收到後發現尺寸太小
致電給門市人員直接阿莎力幫忙調貨到門市請我去試穿～",0,0,0,1,0,0,0,0,amai
B2-5,B19,B2-3 可以直接下載官方APP，送貨用黑貓超快，尺寸不合也直接請黑貓來收👍🏻實體台北在中山、信義、蘆洲等都有據點，可以直接網路上查～,0,0,0,1,0,0,0,0,amai
B2-11,B25,B2-4 樓主應該是說amai喔！他是真皮鞋墊，真的好穿～,0,0,1,0,1,0,0,0,amai
B2-13,B27,真的大推amai，鞋櫃除了運動鞋幾乎都是他們家的了，我也是大腳（41,0,1,0,0,0,0,0,0,amai
B2-15,B29,"爆掉的鞋子款訂單找不到了
D+AF後台只保留188天的紀錄
但很像是這款(不確定)，我故意把腳跟的設計往前靠變成拖鞋方式穿",0,0,1,0,0,0,0,0,
B2-16,B30,"B2-14 
amai鞋碼有到43的
只是要看款式～

我腳通常都要穿42or43",0,1,0,0,0,0,0,0,amai
B2-17,B31,B2 amai舒適度真的好過D+AF,0,0,0,0,1,0,0,0,amai
B2-18,B32,grace不推 我穿一季就壞掉（穿不到10次）,0,0,1,0,0,0,0,0,grace
B2-19,B33,"B2 anns也超讚！大腳婆救星！
chuan 也推推（有些有到43）",0,1,0,0,0,0,0,0,ann
B2-19,B33,"B2 anns也超讚！大腳婆救星！
chuan 也推推（有些有到43）",0,1,0,0,0,0,0,0,chuan
B2-20,B34,B2-18 grace要看耶，我買過他家一雙涼鞋走路很美麗刑具但真的耐穿（穿了幾十次還經常穿著跑🤣,0,0,1,0,1,0,0,1,grace
B2-23,B37,B2 grace不一定舒服看個人但 品質比較好又漂亮,0,0,1,0,0,0,0,1,grace
B2-23,B37,A是我有需要基本款鞋子會優先考慮的！,0,0,0,0,0,0,0,0,amai
B2-24,B38,"B2-15 這雙我買了兩次！
但我每次都是後腳跟鞋底掉下來
一開始我以為是我的問題！
結果發現是品管的問題",0,0,1,0,0,0,0,0,
B2-25,B39,但是搭樓推amai 買過品質好,0,0,1,0,0,0,0,0,amai
B2-26,B40,"B2 amai+1！
第一次帶我媽去買
她平常都買不到1000的鞋子
然後看到價格先唸我一波
但靴子穿了三年都沒壞
而且底很舒服
然結果平常都被老媽拿去穿了🤣",1,0,1,0,1,0,0,0,amai
B2-28,B42,"B2 grace也跟D+AF很像 要看買的鞋款⋯
之前買grace的鞋穿一次鞋底就掉了 超傻眼",0,0,1,0,0,0,0,0,grace
B2-29,B43,amai真的推爆,0,0,0,0,0,0,0,0,amai
B2-29,B43,The chuan也不錯,0,0,0,0,0,0,0,0,chuan
B2-30,B44,B2 我是大腳+蘿蔔⋯之前去D+AF完全找不到可以穿上腳的長靴 拉鍊甚至拉不上去🥲,0,1,0,0,0,0,0,0,
B2-30,B44,之後去grace直接帶兩雙長靴回家 能穿上去覺得好感人🥹,0,1,0,0,0,0,0,0,grace
B2-31,B45,B2 grace很難穿⋯不信邪的大腳女子買了兩三次路過,0,1,0,0,1,0,0,0,grace
B2-32,B46,B2 我也是amai加1,0,0,0,0,0,0,0,0,amai
B2-33,B47,amai真的超讚😻上班穿站7小時都沒什麼問題 最近又回購一雙了😻,0,0,0,0,1,0,0,0,amai
B2-34,B48,B2 amai是真的好穿 客服也很好 第一次網購買錯尺寸 客服也很積極協助換貨,0,0,0,1,1,0,0,0,amai
B2-35,B49,"B2-15 這雙我有買
出門兩個小時就不行了
好難穿腳好痛🥲
還要1千左右穿沒幾次就不穿了",0,0,0,0,1,0,0,0,
B2-37,B51,B2 amai好穿！,,,,,1,,,,amai
B2-39,B53,"B2-35 對！而且很詭異的事情是
其實穿了不適合走
每次行走的時候 腳指頭會一直往前衝
鞋子沒辦法好好的扒在我的腳上

而且這雙鞋我買了兩次
第一次買42 寬腳板不友善直接腳比鞋底大
第二次買43 剛剛好但就不扒腳（明明是合的）
本人真的很努力給他們家機會了⋯",,1,,,1,,,,
B2-40,B54,B2-2 amai的鞋子還可以,,,,,,,,,amai
B2-40,B54,grace的鞋子好難穿,,,,,1,,,,grace
B2-40,B54,只有好看而已🥹,,,,,,,,1,grace
B2-41,B55,B2 之前為了演唱會站搖滾區特地去A家買一雙短靴，真的滿輕的，也不會磨腳,,,,,1,,,,amai
B2-42,B56,B2-40 grace的鞋子要碰運氣看款式,,,,,1,,,,grace
B2-42,B56,所以我通常最後還是選amai😭,,,,,,,,,amai
B2-44,B58,B2 amai連體重破百的我穿都很舒服,,,,,1,,,,amai
B2-45,B59,amai的鞋真的舒服,,,,,1,,,,amai
B2-45,B59,但是都沒有到超好看🥹 最後只好妥協我覺得沒那麼好看的amai ,,,,,,,,1,amai
B2-45,B59,每次被燒的鞋都是D+AF或是grace 的,,,,,,,,1,
B2-45,B59,每次被燒的鞋都是D+AF或是grace 的,,,,,,,,1,grace
B2-45,B59,但是不太耐穿就下不了手,,,,,1,,,,grace
B2-45,B59,但是不太耐穿就下不了手,,,,,1,,,,
B2-46,B60,"B2-25 是Ann’s！
這家也超好穿我買四雙了🥹本身是扁平足 他們家的鞋底非常舒服！",,,,,1,,,,ann
B2-47,B61,B2 沒錯 D+AF鞋子品質不好，涼鞋穿一個夏天帶子斷的還有靴子底部開口的，,,,1,,,,,,
B2-47,B61,amai品質真的不錯，一雙短靴買了三年多也沒有以上那些問題到現在也滿好穿的！,,,1,,1,,,,amai
B2-48,B62,"B2 我跟你同一雙哈哈哈
一樣開口笑，自己拿膠黏回去
結果某次穿出去，一趟路上2個鞋底都掉了
笑到我不行
而且附近就有門市
要不是我媽在旁邊，我真的想進去問問這鞋怎麼回事😂",,,1,,,,,,
B2-49,B63,B2 grace一個月鞋底再見,,,1,,,,,,grace
B2-51,B65,"B2 之前買過grace的皮鞋
超磨腳 乾 超痛 穿半天腳快廢ㄌ",,,,,1,,,,grace
B2-52,B66,B2 看到有人說 D+AF小編是美咖出來的⋯,,,,,,1,,,
B2-53,B67,B2-13 真的好穿🥺已經有三雙靴子都是他家的了～以後要買靴子應該還是會去他家買,,,,,1,,,,amai
B2-55,B69,B2 amai 的鞋墊超軟 超好穿,,,,,1,,,,amai
B2-55,B69,同樣的鞋子之前去D+AF試穿 超硬,,,,,1,,,,
B2-56,B70,B2 推Ann’s買過好幾次也覺得超讚,,,,,,,,,ann
B2-57,B71,B2 我反而是覺得grace禮物那牌超雷🥹🥹,,,,,,,,,grace
B2-58,B72,"B2 但我買grace的哈利波特聯名
大概穿兩次中間的帶子就斷掉了
1500掰掰👋🥲",1,,1,,,,,,grace
B2-62,B76,B2 grace外觀好看,,,,,,,,1,grace
B2-62,B76,鞋底好硬,,,,,1,,,,grace
B2-63,B77,"B2 grace,買過
按照上面推薦尺寸購買
很難穿
穿一次忘記退貨
以很優惠價賣給朋友",,,,,1,,,,grace
B2-64,B78,"B2 我也大推amai！

六年前某天買了一雙amai 的鞋，真的舒服到炸🤯從沒想過高跟鞋也能穿的舒服…（我真的不浮誇）
所以一雙1500～2000元，我也買的不心疼！想買任何鞋款都會先去他們家找，至今已入手了五、六雙🤣",1,,,,1,,,,amai
B2-65,B79,B2-7 amai的鞋子我實測過！我穿著他們家的高跟涼鞋到處趴趴走還去了很多個海灘 完全沒事！我原本不知道他們家的鞋子那麼厲害 第一次穿去海邊的時候已經準備好以後肯定鞋子開口笑的覺悟 結果殊不知超耐穿！！,,,,,1,,,,amai
B3,B80,之前經過評估後最後我選Gu 但我覺得他是最舒服的，可走多路，但久站我還是會酸,,,,,1,,,,gu
B3,B80,雖然款式可能沒那麼好看,,,,,,,,1,gu
B3-1,B81,B3 可是GU是不是只有分s m L沒有分鞋碼？,,1,,,,,,,gu
B3-3,B83,B3 覺得Gu厲害！之前一雙靴子帶去日本穿 很ok 當然走久還是會累,,,,,1,,,,gu
B4,B84,"我買過一次！
本來在淘寶上有看到同款
但想說會不會只是型一樣
可是品質比較好之類的
結果入手後穿起來超痛腳超臭⋯
抱著實驗的心態還買了淘寶的同款 一對比根本一模一樣
發誓以後再買D+AF我就是盤子😻",,,,,1,,,,
B4-3,B87,B4-1 鞋子真的會影響好嗎🌝,,,,,1,,,,
B4-4,B88,B4-1 如果鞋子不透氣讓汗都悶在裡面的話就會讓腳變臭喔～,,,,,1,,,,
B4-5,B89,"B4-1 材質本身就會影響不管是氣味還是皮膚的健康 這就是為什麼我只選擇穿真皮的☺️
大推 C&H(ig搜）全真皮 好穿又耐穿 cp 值超高!!",,,1,,1,,,,C&H
B4-6,B90,"B4 B10-5 我也是在他們家買了兩雙鞋，都近2000元
一雙穿幾個月外皮剝落，幾乎快掉光
一雙穿完回家整個腳被皮的褪色染成黑的，好險有穿絲襪不至於洗不掉
發誓此生再也不買🙄🙄

雖然很喜歡舒華
但這個牌子支持不下去🙃",1,,,,1,,,,
B4-7,B91,B4 我去年買了四千多 很多雙 帶回家後每一雙都不耐走,1,,,,1,,,,
B4-9,B93,B4 其實真皮也會腳臭（穿愛馬仕腳臭路過，但🐎穿起來很舒服,,,,,1,,,,
B5,B96,"會不會是抄/拿回去打版的ㄚ（我對這個牌子不熟嗚嗚）
因為淘寶是真的蠻多服飾店賣很便宜好看的衣服 
其實都是從價格比較高的網店抄過來的
現在更是有古著打版量產的現象⋯",,,,,,,,1,
B5-1,B97,B5 因為很多都是淘寶先出的 像這次的新款 淘寶早就有一樣的,,,,,,,,1,
B6,B98,我覺得 很好穿耶,,,,,1,,,,
B6-1,B99,"B6 這家的品質就是不太穩
有時候還不錯，有時候就會出包",,,1,,,,,,
B6-2,B100,B6 我也覺得好好穿 目前都沒有上述問題 而且也都蠻好看的🥺,,,,,1,,,1,
B6-3,B101,"B6 我也覺得很好穿耶
我在想淘寶應該是外表一樣
可能工廠不同",,,,,1,,,1,
B6-4,B102,"B6 我前年買了一雙雨靴
到現在也都還在穿沒出問題過",,,,,1,,,,
B6-5,B103,"B6 有買過一雙靴子 質感很驚人的爛
但就便宜 1500左右的靴子能好到哪
其它鞋我買也沒問題
而且便宜當雨鞋穿完全不心疼",1,,1,,,,,,
B6-6,B104,B6 我認識有買這家的朋友鞋子都是一年內就壞掉 都是壞沒辦法修的那種程度,,,1,,,,,,
B6-7,B105,"B6-3 
但我買淘寶的，比他們家好穿太多。",,,,,1,,,,淘寶
B6-8,B106,B6 B4 鞋底硬到爆,,,,,1,,,,
B6-9,B107,B6 我目前買過3雙，都還可以，沒到非常好穿但至少沒有災情,,,,,1,,,,
B6-10,B108,B6 我也覺得還不錯🤣我之前買了長靴 第一次穿直接去台北玩 瘋狂走路 腳都沒事,,,,,1,,,,
B6-11,B109,B6 我兩雙靴子穿三年ㄌ 依舊完好,,,,,1,,,,
B6-12,B110,"B6 我也來這樓 四年前買一雙樂福鞋
現在還一尾活龍 甚至穿去韓國走5天四夜🫶",,,,,1,,,,
B6-13,B111,"B6 我也覺得蠻好穿
買了一雙涼鞋一雙靴子也都頭好壯壯
而且底軟 腳板寬大者友善",,,,,1,,,,
B6-14,B112,B6 我的靴子穿兩年了還沒壞！而且真的覺得蠻好穿的,,,,,1,,,,
B6-15,B113,B6 我的靴子半年就開口笑了  沒有淋過雨,,,1,,,,,,
B6-16,B114,B6 我目前買的也還沒出問題 雖然因為是靴子本來就悶 我也容易流腳汗穿完會腳臭🤣每次出門也怕厚底的部分哪天爆了怎麼辦,,,1,,1,,,,
B6-17,B115,"B6-4 今天穿雨靴的我表示：
雖然沒壞，可是超級磨腳，而且還是磨腳背",,,,,1,,,,
B6-18,B116,B6 原來不只有我覺得 而且我覺得款式也都很好看,,,,,,,,1,
B6-19,B117,B6 買了一雙娃娃鞋 很好穿！,,,,,1,,,,
B6-20,B118,B6 我也買了一雙長靴 覺得很好穿說 去嘉義玩三天穿著趴趴走都不會腳痛,,,1,,1,,,,
B6-21,B119,B6 我也覺得很好穿 總共買了5雙沒有雷的,,,1,,1,,,,
B6-22,B120,B6 我買一雙厚底的樂福鞋，穿了半年多目前都沒有問題，也不會難穿,,,1,,1,,,,
B6-23,B121,我買了四五雙都沒這問題說…..,,,1,,,,,,
B6-24,B122,B6 我的靴子們也是三年了好好的,,,1,,,,,,
B6-25,B123,B6 老實說我也覺得一千左右這樣不糟啊,,,1,,,,,,
B6-26,B124,B6 我買的幾雙鞋也是都穿很久 也都沒有問題耶,,,1,,,,,,
B6-27,B125,"B6 我買了一雙厚底樂福鞋
我覺得超好穿欸！！！
是看gina一直穿被燒到買的
也穿了滿久的應該有兩年
去日本也會穿完全沒問題很好走！",,,,,1,,,,
B6-27,B125,但 如果是這家的涼鞋我也有買過很雷的🤣 還記得是之前跟艾X莎莎聯名的涼鞋 沒穿兩次就壞掉我真的大傻眼,,,1,,,,,,
B6-28,B126,B6 我也覺得好穿又耐操！厚底涼鞋我還穿去義大利自由行耶，連走十天也沒怎樣（只有羅馬有下雨比較滑）,,,1,,1,,,,
B6-30,B128,B6 我之前第一次去實體店買也驚訝到覺得很好穿,,,,,1,,,,
B6-31,B129,B6 沒錯！我穿這家有跟的靴子去東京逛街，一天三萬多步，腳沒廢，靴子依然健在,,,1,,,,,,
B6-32,B130,我大三也買過一雙 現在畢業兩年還在穿🥹好像真的很吃運氣,,,1,,,,,,
B6-34,B132,B6 綜合以上評價，意思是需要花個上千塊去賭賭看嗎，這樣賠率怎麼算？,,,,,,,,,
B6-35,B133,B6-6 這個價錢不是穿到壞掉就直接丟了嗎？,1,,,,,,,,
B7,B134,"他家的鞋真的超不行 腳後跟的疤就是穿它家的鞋留下的超醜
穿一次就丟掉了QQ",,,,,1,,,,
B7-1,B135,"B7 上個月去買穿一次約2小時而已⋯磨到超痛
真的會留疤",,,,,1,,,,
B7-2,B136,B7 我的左腳腳背有三個疤 甚至我才穿不到一小時🫠,,,,,1,,,,
B7-3,B137,"B7 我也是⋯腳後跟也超痛還流血⋯
甚至剛穿上走幾步路而已⋯
馬上回家換鞋",,,,,1,,,,
B8,B140,是覺得他們那些小編影片拍的蠻好的～,,,,,,1,,,
B8,B140,但品質⋯,,,1,,,,,,
B8-1,B141,"B8 我記得裡面有個是美咖前小編
她是真的很賣力演出 認真工作",,,,,,1,,,
B8-1,B141,但是待的品牌可不可以不要那麼差勁啊==,,,1,,,,,,
B9,B142,真的不要浪費錢,,,,,,,,,
B10-2,B145,"B10 因為發真實心得文都會被bang
所以才一直有新入坑的人踩雷",,,,,,1,,,
B11,B146,我也買過 覺得質感真的不優,,,1,,,,,,
B12,B147,D+AF的照片很美，小編影片也很吸引我，所以還是買了,,,,,,1,,1,
B12,B147,但穿個兩次就報銷，出門右轉垃圾車慢走不送欸,,,1,,,,,,
B13,B148,"我買中筒靴覺得蠻好穿的
下雨直接當雨鞋～
穿兩年了（不是每天穿 大概一週一兩天
給大家參考",,,1,,,,,,
B14,B149,他們家的鞋真的好難穿 ，也曾經買過兩雙，尺寸都偏大外，還起水泡到不行，淘寶有些鞋都沒她這麼難穿，真的是行銷做很大，看請人這麼多貴鬆鬆的人代言🥲🥲,,,,,1,,1,,
B15,B150,至今不理解為什麼舒華要待在這種品牌==,,,,,,,1,,
B15-12,B162,B15-11 每隔一陣子就會看到D+AF的黑特文，但每次都會消失喔,,,,,,1,,,
B15-13,B163,真是慶幸上次沒買下去,,,,,,1,,,
B15-14,B164,B15-13 因為D+AF不允許有黑他們的文我夢到的,,,,,,,,,
B16,B175,"買過一次他們的涼鞋真的嚇慘
穿不到5次就壞了⋯⋯⋯⋯
本來要穿出門去參加公司尾牙活動
走到家樓下就發現側邊開掉⋯⋯
只好趕快上樓換鞋 🫠🫠🫠",,,1,,,,,,
B16-1,B176,B16 至少出門前發現 我是在外面走到一半斷掉…也臨時買不到拖鞋，後來超商三秒膠救了我,,,1,,,,,,
B16-2,B177,"B16 我也是買同款
穿沒多久就分開了",,,1,,,,,,
B16-3,B178,"B16 我也有買同款 但我目前才穿一次🌝
這讓我害怕了",,,1,,,,,,
B16-4,B179,B16-1 乾我也是出門然後直接斷掉 超傻眼 才穿沒幾次還開花 爛到不行,,,1,,,,,,
B16-5,B180,"B16 我也有一雙同款
一樣穿沒幾次就壞了😇",,,1,,,,,,
B16-6,B181,同款，也是前面斷掉。那時候還是走在要去期中考的路上而且往回走換鞋又來不及 ，托他的福第一次當了電視劇女主角，直接脫下來拎手上赤腳走，還好那天沒有很熱，考試差點開天窗嚇爛,,,1,,,,,,
B17,B184,這文章應該不久後就會被bang掉了,,,,,,1,,,
B17-4,B188,B17 來看看多久會不見,,,,,,1,,,
B17-5,B189,B17-2 以前有很多篇都被刪了 不知道深卡看不看得見,,,,,,1,,,
B17-7,B191,B17-2 超級多喔 但幾乎都被刪光,,,,,,1,,,
B17-10,B194,B17 因為這家店最會刪負評文了😍,,,,,,1,,,
B17-11,B195,鞋子爛店員態度還超差去一次就快被氣炸,,,,1,1,,,,
B17-12,B196,"B17 我買這間的瑪莉珍穿出去第二次
被朋友A到一下直接落底🥲
花了我一千六🍃
而且很磨後腳跟 穿出去整天行程的
腳會爛到🫠",,,1,,1,,,,
B17-13,B197,B17 D+AF跟羅傑一樣愛Ban人,,,,,,1,,,
B18,B199,超爛 買過兩次 每次穿不到一個月就開口 直接列入拒買名單,,,1,,,,,,
B19,B200,有買過一雙，不過目前正常服役中，也沒有爛掉還是不耐穿之類的問題，買了大概半年有了。,,,1,,,,,,
B20-1,B202,B20 推我家附近的小店 C&H（ig搜）家的牛津鞋 有專利的泡綿在鞋頭超級舒服 而且真皮的還不貴 cp值很高！！ 我推到像代言人了😂 但真心好穿又耐穿,1,,1,,,,,,C&H
B21,B203,"穿過新的（第一次穿）走出去回來發現鞋底一塊不見，難怪覺得我腳步聲好大^ _ ^
後來不想直接丟，給市場老師父補鞋底，還被說這材質很爛在哪買的？？我其實看鞋底新的也都蠻平的其實

不過也有人穿得好評⋯材質不一吧",,,1,,,,,,
B22,B204,"其實有點嚇到欸
這個牌子6年前左右 以前對他的品牌感受就一直是品質不太符合價位的品牌
但近2年左右他在社群的行銷跟實體店的展售都讓人想說 奇怪這個牌子會什麼洗紅了🤣
因為蠻多正面評價 實體店人潮也蠻多的
這篇比較符合我以前對他的印象🤣",1,,,,,,,,
B22-1,B205,"B22 真的,明明網路評價一直很差,但是網紅葉配後越來越多人潮,但是評價還是很差啊?還是有一堆人潮真的看不懂,我朋友也是知道評價差也還是會被洗腦去買.",,,,,,1,,,
B23,B206,因為舒舒代言才考慮要買⋯,,,,,,,1,,
B24,B207,"這家一直以來品質都很爛啊，就是窮學生時期會買的便宜網拍鞋，但不知道這兩年怎麼了，廣告越打越大店越開越多，價錢也整個翻倍賣，但品質還是一樣爛🤣🤣🤣
寧願多貼點錢買好一點的",1,,1,,,,,,
B24-1,B208,B24 走一個廣告打很大的路線🤣但品質...嘖嘖,,,1,,,1,,,
B24-2,B209,"B24 對欸，記得以前沒那麼貴
而且有特賣
",1,,,,,,,,
B24-3,B210,B24 對！就是以前學生時期會去特賣會買的便宜鞋 買過一次就不想再買的品質 感覺現在只是行銷做很大,1,,,,,1,,,
B25,B211,我買過兩次高跟的 都非常好穿耶 尤其是跑跳起來很穩,,,,,1,,,,
B26,B212,本來就是淘寶貨 每次經過看到一堆人在試穿就覺得很奇怪 幹嘛要當盤子….,,,,,1,,,,
B27,B213,"這家不是鞋底超容易掉的那家嗎
網路上也討論到爛掉==
然後一中街的店有時候還一堆人 看到很傻眼
最近看到葉舒華代言更傻眼==",,,1,,,,1,,
B28,B214,穿了真的腳超痛 價格一點也不漂亮 但花錢了還是會偶爾拍照穿 每次都帶拖鞋等著換😗,1,,,,1,,,,
B30,B216,我有一次網路買一雙灰色的，結果送來很明顯髒髒舊舊的，馬上申請退貨🙄,,,1,,,,,,
B32,B218,只有我穿他們家的靴子都沒問題嗎？,,,1,,,,,,
B32-1,B219,B32 我穿到目前也沒問題耶⋯不過看到這篇我有點擔心了,,,1,,,,,,
B32-2,B220,B32 B6 我買了一雙樂福鞋跟 馬靴覺得 都很好穿 沒問題 （打算再購入一雙瑪莉珍 ）看到大家說很爛有點意外😰,,,1,,1,,,,
B32-3,B221,"B32 我買過靴子、涼鞋有根的 也都沒問題
穿好多次了仍然健在😂",,,1,,,,,,
B32-4,B222,B32 我超愛他們家瑪莉珍系列 我覺得超好穿😂,,,,,1,,,,
B33,B223,"每次在附近的其他賣鞋子店家都會抱怨
他們是一樣的貨源但他們賣很貴",1,,,,,,,,
B34,B224,唉有時候真的不是不支持MIT 而是品質真的……….,,,1,,,,,,
B35-1,B226,B35 一樣爛不要懷疑 不是超難走超磨腳 就是涼鞋走兩天就壞掉：）蝦皮買不到300的都可以穿半年才斷掉還不磨腳…,,,1,,1,,,,grace
B36,B227,"最近還跟蝦皮拍了一支影片是寫
哇～低加上蝦皮囉！
完全不期待品質有夠爛
買了2-3雙 壽命8個月
底每次都掀掉 氣死人",,,1,,,,,,
B36-1,B228,B36 八個月算很久了…之前不到2天底就翻起來,,,1,,,,,,
B37,B229,"真的不好穿
超硬的==
穿沒幾次直接丟掉",,,1,,1,,,,
B39,B231,"巨好看的顏色
但⋯好大🤣",,,,,,,,1,
B40,B232,這家算貴，品質也普普⋯,1,,1,,,,,,
B41,B233,實體店面，有些店員臉超臭⋯,,,,1,,,,,
B42,B234,D+AF的鞋磨腳磨到爆 穿出門一次直接丟不開玩笑,,,,,1,,,,
B43,B235,"上次逛街臨時買一雙 有夠難穿
直接放到長灰塵",,,,,1,,,,
B43,B235,Axx’s 真的還比較好穿鞋墊也軟,,,,,1,,,,ann
B43-1,B236,B43 推！！ 而且超舒服 也沒壞過🙈,,,,,1,,,,ann
B43-2,B237,B43 ！！Axx's真的大推,,,,,,,,,ann
B43-3,B238,B43 A真的耐穿 價格跟D差不多 而且高雄還有實體店,,,1,,,,,,ann
B43-5,B240,"沒買過D+AF
但A家真的很舒服（尤其靴子",,,,,1,,,,ann
B43-6,B241,"B43 Ann台北也有！買過一次厚底長靴
驚為天人！好穿耐操！納入愛店！",,,1,,1,,,,ann
B43-7,B242,B43-6 B43 ANNS好貴 但值得 細根高跟鞋很讚😎,1,,,,,,,,ann
B43-8,B243,B43 這家推，好幾雙都是他們家,,,,,,,,,ann
B43-8,B243,第一次買d+結果鞋底脫落，扯,,,,,,,,,
B43-9,B244,"B43-4 全台都有門市唷
兩間價錢我覺得差不多 （可能要看鞋款）
但A有比較貴一點
但貴有貴的地方 光是鞋墊D+AF就真的沒得比

我A第一雙短靴是在台南實體門市買的
後來第二次要買 那時候剛好在台北
去了他們兩間實體都沒有我的鞋碼",1,,,,1,,,,
B43-9,B244,才想說買買看D+AF 試穿當下都還好 結果穿出店面走個五分鐘真的不行 回家直接冷到現在,,,,,1,,,,
B43-10,B245,AXX'S 牌腳底真的舒服,,,,,1,,,,ann
B43-11,B246,B43Axx’s的評價你們是認真的嗎？我買過兩雙，內層皮都只穿一次就脫皮了🥲,,,,,1,,,,ann
B44,B247,嚇爛 感謝提醒,,,,,,,,,
B45-3,B251,B45 之前買grace gift 還不錯,,,,,,,,,grace
B45-4,B252,B45 真皮的話 超推我家附近的小店 C&H(現在有官方ig）我已經推薦好幾百次了吧😂 真的太好穿 而且以真皮的價格真的很便宜！！cp值超高～,1,,1,,,,,,C&H
B45-5,B253,"B45-4 B45-2 
我的腳左右寬度差很多一定要當場試穿
而且我在台中55555",,,1,,,,,,
B45-6,B254,B45 Ann’s的鞋子很好穿,,,,,1,,,,ann
B45-7,B255,B45 推Avivi,,,,,,,,,avivi
B45-11,B259,B45 推Ann’s,,,,,,,,,ann
B45-13,B261,B45-3 這家我反而不行 買了瑪莉珍穿半年頭部的底和鞋分開==,,,1,,,,,,grace
B45-18,B265,B45 Ann’s好穿 主要鞋墊很棒很軟,,,,,1,,,,ann
B47,B267,買了兩次 兩次收到的時候都覺得質感真的差到爆 果斷退貨 之後看到廣告不管照片再怎麼燒都心如止水,,,1,,,,,,
B48,B268,"他家的鞋品質真心差 買一個月就報銷了
我的錢是天上掉下來的嗎?????",,,1,,,,,,
B49,B269,"多年前買過他們的靴子,難穿到腳踝整個受傷
多年後看評價，這家真的都沒有改善耶⋯",,,,,1,,,,
B50,B270,"不意外啊 真的看一堆人什麼超推
就是淘寶鞋賣雙倍以上給你
盤子一堆 之前誰敢逆風說啊
擋人財路還不灌爆你的留言",,,,,,,,,
B51,B271,"真的！！！！
買過兩次，感覺都很差，難穿就算了，靴子款式不怎麼樣還很不透氣容易臭。
兩次我都穿幾次就拿去舊衣回收了 😅",,,,,1,,,,
B52,B272,我覺得D+AF超難穿，被騙一次就不會上當了！,,,,,1,,,,
B54-1,B275,B54 Ann’s我覺得還不錯！,,,,,,,,,ann
B55,B277,"我覺得法務會去提告這篇
但原po真的不用怕欸 
品質差有目共睹好嗎
有夠難穿",,,1,,,1,,,
B56,B278,"他們真的好難穿 有些一試穿就痛了
只有買過一雙低跟涼鞋還可以",,,,,1,,,,
B57,B279,"我也是 才穿第二次 底部旳橡皮膠就斷開...... 人還外面, 只好跟捷運站借二條橡皮筋固定。以後不會再買了～",,,1,,,,,,
B58,B280,"朋友們買完都讚不絕口
我都不敢說我對這間店的印象很糟
根本沒想花錢買",,,,,,,,,
B59,B281,之前買過一雙跟艾莉莎莎聯名的涼鞋其實滿好穿的，到現在都還沒壞，也算好走，後來又買過一雙別的涼鞋就超難走很硬，感覺品質參差不齊,,,1,,,,,,
B60,B282,推薦大家可以去中山站瑪路達皮鞋，這間雖然看起來很老，但老闆人很好，會幫你處理摩腳問題，有一些只想穿這季的款式，這間是便宜救星,,,,,1,,,,
B61,B283,他們家的鞋子真的不好穿⋯還很多人業配,,,,,1,,1,,
B63,B284,買過有些好穿 大部分難穿 腳臭（不夠透氣）,,,,,1,,,,
B63,B284,但是舒華代言啊啊啊啊啊,,,,,,,1,,
B63,B285,"我買過一雙跑業務穿，還不錯穿，鞋底有點撬開拿到門市大概7天內就處理好了。
前幾天經過想買雙瑪麗鞋，店員拿了兩雙新的都有瑕疵，才跑去搜淘寶，發現根本一樣，還好沒買！！！",,,1,1,,,,,
B65,B286,"他們家的襪靴很好穿
服役5年了
穿去日本一天走2萬步，還穿去清境爬過山
腳都不會痛
鞋子到現在還安好，也沒脫皮",,,1,,1,,,,
B65,B286,"但涼鞋品質很爛，穿沒幾次就開口笑
鞋底還超硬",,,1,,1,,,,
B66,B287,笑死 結果現在找葉舒華來代言又可以收割一堆粉絲財了 不曉得為什麼她找的代言都這麼爛,,,,,,,1,,
B67,B288,真的品質沒很好 價格非常不值⋯⋯,,,1,,,,,,
B68,B289,"幸好看到這篇文😭幫我滅火
最近看到舒華代言被燒到，差點買下去😭",,,,,,,1,,
B69,B290,"感謝揭發
難怪一直覺得價錢不算低
可是看起來有點廉",1,,1,,,,,,
B70,B291,"超難穿！
不懂為什麼還是一堆人買",,,,,1,,,,
B70-1,B292,B70 因為超好穿,,,,,1,,,,
B71,B293,我也買過這牌子，感覺真的比淘寶的差還貴,1,,1,,,,,,
B72,B294,我已經買了6雙都壞掉丟掉了（有根的最快壞），再也不會買這個品牌,,,1,,,,,,
B73,B295,D+AF不意外,,,,,,,,,
B74,B296,"我很喜歡的網紅也一直跟他們合作讓我???
但我還是很喜歡他
只是如果有發合作影片我基本不看",,,,,,,1,,
B75,B297,貼牌鞋吧，現在一堆衣服商品都是中國工廠貼牌，再說自己是台灣品牌,,,1,,,,,,
B76,B299,本來就是啊，這已經講很久了 你還買 真的是一堆像你這種人不知道買一雙D+AF才能繼續營業,,,1,,,,,,
B77,B300,要買就買淘寶🥺🥺我已經都沒在用台灣的網拍了（但有些固定牌子不會在淘寶買～,,,1,,,,,,
B79,B302,我之前去D+AF試到很喜歡的鞋子$1280，轉頭就去淘寶買$650😂,1,,,,,,,,
B80,B303,"之前想說進這間看看靴子
從二樓逛到一樓 每一個材質用看的就知道是淘寶來的
這間真的不行 又超貴
但超多女盤^^",,,1,,,,,,
B81,B304,"品質真的很差，走一走鞋底突然Say掰掰，比變心的前男友走的還快
不知道的還以為我在拍惡作劇影片......",,,1,,,,,,
B82,B305,好幾年前買過 非常難穿 後來都不買他們家的了,,,1,,,,,,
B83,B306,"我是肉肉腳女生
我覺得anns鞋不錯穿（因為工作需要 一天要站8小時
本人不太會穿高跟鞋 覺得可以",,,,,1,,,,ann
B84,B307,我原本以為是我拇指外翻很嚴重 所以某部分皮很容易破（剛穿一次就破的那種）,,,1,,,,,,
B84,B307,結果我買兩雙net的鞋子 超好穿==還沒破 超扯,,,1,,1,,,,net
B85,B308,"D+AF、robinmay、vacanza在我看來都是很會行銷的地攤貨，尤其RM那個logo醜到有剩
",,,,,,,,1,RM
B85,B308,"D+AF、robinmay、vacanza在我看來都是很會行銷的地攤貨，尤其RM那個logo醜到有剩
",,,1,,,1,,,
B85,B308,"D+AF、robinmay、vacanza在我看來都是很會行銷的地攤貨，尤其RM那個logo醜到有剩
",,,1,,,1,,,vacanza
B85-1,B309,B85 真的！！！終於看到有人說RM了，每次在西門看到大排長龍就不理解🤣,,,,,,,,,RM
B85-2,B310,B85-1 看到Logo就眼睛痛,,,,,,,,1,RM
B85-4,B312,B85 RM也有小logo啊 他家小logo好看,,,,,,,,1,RM
B85-5,B313,B85 他家明明也有字母粒的 為什麼硬抓著大logo不放啦😂,,,,,,,,1,RM
B85-6,B314,B85 vaca什麼的那個，我每次經過萬年一樓玻璃窗看到他髮圈、髮帶的價格，都覺得明明幾十元的東西怎麼好意思賣幾百元，到底誰在買，有夠浪費錢的啦！,,,1,,,,,,vacanza
B86,B316,真的超爛 穿幾次靴子就掉皮了,,,1,,,,,,
B87,B317,"我買很多都穿很久欸
雖然都是趁特價時候買
都撐蠻久的",,,1,,,,,,
B88,B318,"雖然一直知道D+AF的評價很差
但43號的樂富鞋我只有在D+AF買得到QQ
去年11月買的現在側邊就有個洞了
想換又找不到其他家賣43號的😭",1,,1,,,,,,
B89,B321,這家的鞋就是要等那種兩雙1500上下才能買，平常一雙1000多根本不值那個錢,1,,,,,,,,
B89-1,B322,"B89 對🤣他們家的鞋我有四雙，兩雙二手買的，一雙特賣會買的，只有一雙原價買
雖然我穿他們家的沒什麼嚴重災情，只有一雙襪靴超難穿…走沒五分鐘腳底板就快爆了，買了兩年裡面的鞋墊皮快掉光🙄質感真的是不值那個錢 幸好是二手買的。",1,,1,,1,,,,
B90,B323,超難穿⋯買了一雙穿了腳很痛，第二次想說再給他一次機會，結果買了腳還是痛，這輩子不會再買了,,,,,1,,,,
B92,B325,等看看這篇文章多久會被消失😿原潑保重,,,,,,1,,,
B92-1,B326,先收藏起來看那時會消失😂,,,,,,1,,,
B93,B327,他們的鞋子真的很難穿🥹我買過一次，之後就直接放入口袋黑名單惹,,,,,1,,,,
B94,B328,就是只重代言 不會品管的品牌,,,,,,,1,,
B95,B329,推grace好穿又好看，穿了一年半都沒有開口笑的問題,,,,,1,,,1,grace
B95-1,B330,"B95 這間我N年前買過也覺得不好穿…
還是要再給一次機會看看",,,,,1,,,,
B95-2,B331,"B95-1 可能是現在品質好很多了？
我三雙都是grace
有一雙我超常穿，從大一穿到大三了！
還有兩雙試驗中，我都穿米奇系列真的好穿，連我媽都被種草，跟我阿姨，有時候兩雙湊1800真的他們兩個，給我囤鞋🤣",,,1,,,,,,grace
B96,B332,他們家一直以來都是大陸鞋..以前奇摩商場就在賣了,,,1,,,,,,
B97,B333,超難穿，第一次穿平底鞋去約會，走路走到起水泡，從此塵封,,,,,1,,,,
B98,B334,"不是有那種在分析為什麼一間品牌可以活這麼久的頻道嗎
一直在想為什麼D+AF為什麼還沒有人做",,,,,,,,,
B99,B335,真的很難穿 ⋯^_^,,,,,1,,,,
B100,B336,"真的超難穿
每次穿都磨破腳根
屢試不爽",,,,,1,,,,
B101,B337,"後來我剛好逛到一間叫amai，發現他們皮鞋跟靴子真的都超級好穿，我可以穿一整天走路的那種！直接一次買兩雙，剛好隔條街遇到amai，又買了一雙很好看又根的瑪莉珍鞋😭🫶🏻
真的大推薦！！",,,,,1,,,1,amai
B101,B337,"我曾經有兩次都想要買D+AF的 可是發現他們穿起來沒有很舒服 款式也都沒有我喜歡的型

然後第二次我也是先去逛D+AF，結果一樣沒有我想要的",,,,,,,,,
B102,B339,買過2次 真的品質不好 那之後再也不買,,,1,,,,,,
B103,B340,以前看艾莉推薦說出國都穿他們家豆豆鞋，說什麼狂走腳也不會痛，就買了兩雙跟媽媽一起穿，結果媽媽出國第一天而已腳底就起水泡⋯還掉底，直接衝百貨公司買新鞋，然後再也不買D+AF😊,,,1,,1,,1,,
B105,B342,之前也買了一雙黑色涼鞋 根本沒穿幾次也直接在外面開口笑 超丟臉 重點一雙也要快一千，把錢都花在代言人上了,,,1,,,,1,,
B106,B343,這個牌子本來就淘寶起家的阿 沒什麼了不起的但還是竄紅於台灣🤷🏻‍♀️每個月都有人上來低卡罵阿 但低卡也有D+AF置入行銷吧🤣,,,,,,1,,,
B107,B344,買了他們家才剛穿第一次皮就掉了..問客服該怎麼處理竟然說看是要黏回去還是用補色筆塗一塗…第一次買也是最後一次：）,,,1,,,,,,
B108,B345,其實一直有人發現然後發文提醒大家，過不久文章就不見了，大家知道這間為什麼沒有負評文章了吧,,,,,,1,,,
B110,B347,"很好穿 但真的爛😂
",,,1,,1,,,,
B111,B348,"真假 我覺得超好穿欸
我還把他們家鞋子穿出國自由行11天
腳完全沒事🤣",,,,,1,,,,
B112,B349,"去年買了一雙及膝長靴1680
穿兩次拉鍊爆了
然後拿去修鞋的修
換拉鍊都是800-1200🥹
忍痛還是花了800修好",1,,1,,,,,,
B113,B350,"難怪找宋智雅當代理人
山寨淘寶貨",,,,,,,1,,
B114,B352,"給過兩次機會
一樣難穿 直接扔了
再也不買了",,,,,1,,,,
B115,B353,"我一走進去看到實體 立馬走出來🤣🤣🤣
長年都是買Jeffrey Campbell和Steve Madden的我真的完全對這家的設計沒有辦法🤔 
最近新品牌Helen spark我就覺得不錯😌",,,,,,1,,,
B116,B354,"我自己2021年1+1福袋時買過兩雙，穿到現在都好好的沒有壞，當過雨鞋也站過演唱會
算是幸運買到好品質的？",,,1,,,,,,
B117,B355,第一次穿去參加婚禮 出宴會廳鞋底就走失了,,,1,,,,,,
B117-2,B357,B117 我也是,,,1,,,,,,
B118-1,B360,B118 我以前在第一家打工過！我個人覺得好穿(⁎⁍̴̛ᴗ⁍̴̛⁎)而且大家服務都很好你可以參考一下,,,,1,1,,,,amai
B118-2,B361,"B118-1 謝謝妳❤️因為我買過一雙amai的粗高跟靴(好像8cm) 不太好穿🥹
但我朋友說可能高跟靴本來都很難穿？想說是不是高跟例外 還是我那雙例外(?",,,,,1,,,,amai
B118-5,B364,"B118-4 真假！我去年在的時候還有台南店😿 那目前可能就剩北部跟台中的了
因為我以前請客人試穿的時候會請他們盡可能多走一下 確認會不會不合腳不舒服
如果寬度不合還可以幫忙免費楦鞋",,,,1,,,,,
B118-6,B365,"

ann的鞋，我今年過年才買一雙短靴，
目前的感想是，版型很符合腳型、不磨腳，
但是，這雙鞋有一隻的拉鍊不知道是不是沒做好?
沒有穿絲襪、褲襪的話，拉鍊處的地方會刮小腿(腳踝上方三指的位置)，
另一隻腳就不會。",,,,,1,,,,ann
B118-7,B366,B118 買過Ann’s 兩雙跟鞋 感覺品質有好一點，但還是都會磨腳,,,1,,1,,,,ann
B118-8,B367,B118 買過Ann 皮很容易就破了,,,1,,,,,,ann
B118-10,B369,B118 我覺得Ann’s 的不錯穿，而且也蠻耐穿的，價位的部分前陣子去看是有比先前高蠻多，但還算能接受,1,,1,,1,,,,ann
B119,B370,我古早年代*六年前*買過一次他們的平底鞋，用料超級薄ㄉ......收到就退貨了,,,1,,,,,,
B120,B371,他們鞋子有種廉價感,,,,,,,,1,
B121,B372,"曾經買過一次腳超痛超難穿
儘管代言人都很心動但打死不回購！",,,,,1,,,,
B122,B373,這家不是評價一直都很差，還很會申訴😂,,,,,,1,,,
B124,B375,"我買靴子後第一次穿完一整天
兩隻小腿的後側都因為拉鍊摩擦而破皮
持續擦藥好久才癒合
現在兩邊都有黑色素沈澱的疤痕QQ",,,,,1,,,,
B125,B376,我以前也有買過，還一次買四雙，相信它的品質，所以都沒打開看，等到過來半個多月才打開，試穿之後四雙只有一雙能穿，其他的穿起來超不舒服，後面3雙都丟了，很大的一個教訓，不要相信YouTuber說的鬼話😭,,,,,1,,,,
B126,B377,他們的鞋！真的！很！難！穿！！,,,,,1,,,,
B127,B378,"我上次穿著淘寶買的真皮靴子
陪朋友進去店裡看
我坐在男友區等
隔壁路人問我這穿起來好好看是這裡買的嗎
我超尷尬
不敢講我才不買又貴材質又糟的鞋子",1,,1,,,,,,
B128,B379,鞋子買了2雙 沒多久就壞了,,,1,,,,,,
B129,B380,我買雨靴還ok耶,,,1,,,,,,
B130-2,B383,B130 大推Ann’s,,,,,,,,,ann
B130-3,B384,B130-2 Ann's+1,,,,,,,,,ann
B130-4,B385,B130 丹妮鞋屋 amai 還不錯,,,,,,,,,amai
B131,B386,"不信邪陸陸續續買過四雙，結果最後都穿不到幾個月就壞了^_^有一雙靴子我很喜歡穿了一個月 結果根直接裂開⋯拿去給修鞋師傅 師傅直接打槍我說這個沒救⋯⋯⋯現在都去一般路邊的鞋店買 590$一雙小皮鞋 穿起來超韓又好走 穿了一年都不會壞！從此拒絕D+AF。
他們只是行銷做得很成功&把錢都拿去請網紅藝人來代言：）",1,,1,,,1,1,,
B132,B387,"他們家真的好黑好可怕
我上次留言說不好穿不要買
我穿了鞋子開口笑腳還磨破皮
被一堆網友說是我自己有問題
別人穿就好好的
我一臉黑人問號❓？？",,,1,,,,,,
B133,B388,之前在他們家買過靴子，底超硬超難穿，我從我家走到公車站而已腳就痛得要死，回家直接丟掉了，感覺是這輩子穿過最難穿的靴子：）,,,,,1,,,,
B134,B389,"之前也看中他們家的一雙鞋
還好身邊朋友幫我滅火不然也是幾千塊就浪費掉了！
現在寧願買便宜的，反正壞了也不痛心⋯",1,,,,,,,,
B135,B390,真心抵制！ 買五雙雷四雙的在這（舉手,,,,,,,,,
B136,B391,"蛤 真的這麼爛嗎⋯
上次去逛的心得，有舒服的環境試穿，服務人員也很有耐心態度很好
最後有買一雙厚底涼鞋，滿舒服的，我幾乎天天穿，甚至穿去健行，兩年下來才看到腳墊有微微脫離。但這雙就1千多，這麼耐操滿值得的啊XD 我之前買的專櫃鞋甚至沒能撐這麼久",,,1,,,,,,
B136-1,B392,"B136 他們家的品質就是不穩定
有人買到爛的自然也有人買到好的
依板上災情來看遇到爛鞋的比例蠻高的
想想看1000多如果買到馬上就爛的鞋子是不是會很氣",1,,1,,,,,,
B136-2,B393,B136 我也是買了都能穿一兩年，所以也是很疑惑？？？,,,1,,,,,,
B136-3,B394,B136-1 現在網路上一堆人罵也不見得很爛啦，如果只是普通可以穿你也不會特別發文來說。況且就這麼一千多塊，而且是實體店面，本來就是買個當季快時尚的消耗品而已，穿幾次就壞不是正常的嗎？比淘寶多付的錢是給店面、試穿服務、規避網購風險的，怎麼會有品質比淘寶好這種期待。所以建議覺得買鞋不用試穿的淘寶買就好了。,,,1,,,,,,
B136-4,B395,B136-3 如果要買當季快時尚的消耗品 我還不如去買夜市一雙399的 也是實體店面可試穿、也是跟流行、也是穿幾次就會壞啊（但說真的夜市的鞋品質不會輸） 甚至去net買也更便宜，以上優點也是全部都有,1,,,,,,,,net
B136-4,B395,"

D+AF比人家貴2-3倍，還不能期待比淘寶品質好？穿幾次就壞很正常？
什麼樣的價格就該端出什麼樣的品質
不要這樣慣壞商人好嗎？
這個品質真的不行餒",1,,1,,,,,,
B136-5,B396,"B136-4 我比較喜歡在百貨公司乾乾淨淨舒舒服服沒有有壓力的逛街試鞋，吹著冷氣、有椅子鏡子、尺寸齊全、而且有人服務，這幾百塊的服務費我還給得起啦。

但我也支持，想省服務費就去夜市、淘寶買啊！不要當想享受服務又不付錢的奧客耶",1,,,1,,,,,
B136-7,B397,"B136-4 我一般鞋店390,490都反而壞超快的耶...
D+AF牌我幾乎都是買雙11的特價款，對我個人來說，耐穿度是真的算滿友善的，高跟的靴子，我還可以趕路跑步都好好的....😅，看到駡成這樣我也是蠻驚訝的，不過會不會是新款的品質比較差也不一定",,,1,,1,,,,
B136-8,B398,"B136 
我前前後後買了5、6雙
都是在特價的時候買
很常穿但都沒有穿壞過
穿了三年都沒壞蠻困擾的
都沒有理由買新鞋耶👀",,,1,,,,,,
B136-9,B399,"B136 我以前也覺得明明就很好，怎麼大家一直說很爛？但去年趁2雙特價買入一雙平底鞋、一雙樂福鞋，平底鞋穿了我真的腳超臭！！！這輩子沒有腳臭的我真的嚇到！我還在辦公室把腳抬起來聞！超臭！
樂福鞋更扯！我平常也沒什麼在走路，你說涼鞋分離就算了，樂福鞋分離！我是大象嗎？走路很慢也走很少，沒這麼操鞋子吧！而且買來也才1個多月而已就爆了！",,,1,,1,,,,
B137,B400,重點是我還真get不到這種鞋型哪裡好看😂 看起來很俗氣,,,,,,,,1,
B139,B402,"之前就很多篇文再說他們家鞋子不好穿了
每次經過門市還是看到一堆人在裡面買鞋子",,,,,1,,,,
B141,B403,他們家的鞋子穿2次就壞,,,1,,,,,,
B142,B404,稍微走多一點點路 就一定起水泡⋯,,,,,1,,,,
B142-1,B405,B142 起水泡是真的！可是2000的鞋子我才穿兩三次捨不得丟😭😭,,,,,1,,,,
B143,B406,我在他們家買了 3雙長靴 2雙短靴 其他雙品質都還行 但有兩雙同款短靴 另一雙黑色直接出包 跟白色相比 穿起來次數輪流 但是黑色直接開口笑🥹🥹🤦🏻‍♀️🤷🏻‍♀️,,,1,,,,,,
B144,B407,我之前在gu買了樂福鞋990然後一轉彎看到D+AF賣一模一樣的1200左右🤣而且gu的驚人的好穿哈哈哈哈,1,,,,1,,,,gu
B145,B408,之前在網路上看覺得很心動，當時台南還沒有門市，還特地跑去高雄看，結果一看到整個瞬間滅火，整間店的鞋子充滿廉價感⋯⋯所以後來直接不買就走了。,,,,,,,,1,
B146,B409,我後來有買grace，買過2次，底都還算蠻軟，我站一天都還能接受,,,,,1,,,,grace
B146,B409,我去試穿發現我想買的鞋子，超硬，而且底很痛，我同事說好穿結果我試穿腳底板像直接觸碰地板,,,,,1,,,,
B146-1,B410,B146 我也是，朋友一直跟我說她覺得超好穿，結果去試穿之後底根本超硬，站起來走一走腳就開始痛,,,,,1,,,,
B147-1,B412,B147 大推C&H（可以ig搜一下）全真皮穿起來就是舒服又透氣 cp值超高！！,1,,1,,1,,,,C&H
B148,B413,"之前穿他們家的靴子去參加耶晚滑倒
瞬間社死🥲",,,1,,,,,,
B149,B414,我在路上看到鞋底掉下來的，有夠尷尬😅,,,1,,,,,,
B150,B417,對比我買Net 390涼鞋，很耐穿有便宜😂,1,,1,,,,,,
B150,B417,真的！之前買一雙有跟涼鞋（也是我第一次買他們家東西），結果沒穿幾次就壞了 價格還不便宜（印象890）,1,,1,,,,,,
B151,B418,買過繫帶的低跟涼鞋，穿第二次就斷了，超狼狽🥲 真的再也不敢買⋯ 希望他們提升行銷能力同時也能顧一下品質,,,1,,,,,,
B152,B419,"我買了一雙厚底樂福鞋
我覺得超好穿欸！！！
是看gina一直穿被燒到買的
也穿了滿久的應該有兩年
去日本也會穿完全沒問題很好走！
但 如果是這家的涼鞋我也有買過很雷的🤣
還記得是之前跟艾X莎莎聯名的涼鞋
沒穿兩次就壞掉我真的大傻眼",,,1,,1,,1,,
B152-1,B420,"我買了一雙厚底樂福鞋
我覺得超好穿欸！！！
是看gina一直穿被燒到買的
也穿了滿久的應該有兩年
去日本也會穿完全沒問題很好走！
但 如果是這家的涼鞋我也有買過很雷的🤣
還記得是之前跟艾X莎莎聯名的涼鞋
沒穿兩次就壞掉我真的大傻眼",,,,,1,,1,,
B153,B421,B152 我也是被Gina 燒到🤣那雙真的很好走又好穿,,,,,,,1,,
B155,B423,"3年前官網買第一次，嚇到

長方形鞋跟，一隻很正常，另一隻是斜的，這品質真爛",,,1,,,,,,
B156-2,B426,B155-1 好好笑好久沒看到這個梗，但我是認真的欸...當然我覺得他們家品質時好時壞這點是真的，我也買過也是苦主，但是我覺得也沒有這個容易一天到晚這麼多人討論？＆他們每天大排長龍，我覺得一定同業很眼紅吧,,,1,,,1,,,
B156-3,B427,"B155-2 
因為真實心得一直被 ban 掉
所以大家才會更踴躍發言（？",,,,,,1,,,
B156-5,B429,B155-4 重點是不是同業這家店都該下去~xd,,,,,,,,,
B156-6,B430,B155 但如果不是D+AF真的做不好 哪會一呼百應一堆受害者跳出來吐苦水勸世,,,,,,1,,,
B156-7,B431,B155 如果他家品質很好，就算是同業發文好了，那這篇也只會被撻伐而已，根本不會有這麼多人的心得都一樣，也不太可能一次買一百多個帳號自導自演,,,,,,1,,,
B156-8,B432,B155 但我試穿過真的很硬很磨腳，這篇留言也是滿滿災情，不管是不是同業引戰，都證明了品質良莠不齊,,,,,1,,,,
B156-9,B433,"B155
是不是一回事
但這家真的難穿到爆炸",,,,,1,,,,
B156-11,B435,B155 想太多 就是品質爛！,,,1,,,,,,
B157,B437,"買了2次，瑪莉珍高跟鞋跟平底鞋
前者不管怎麼穿都會超痛，脫掉鞋子永遠紅到不行
後者每次穿每次起屑，而且超級臭，穿沒幾次就有摺痕
買思夢樂的瑪莉珍還比較划算⋯⋯",,,1,,1,,,,
B158,B438,性價比低 一下就壞了,1,,1,,,,,,
B159,B439,"之前買過D+AF涼鞋
走久了會有點磨腳
但是靴子就不太會
穿越久就越合腳",,,,,1,,,,
B160,B440,我穿了他們家的皮鞋四個月，在一個需要每天爬山上坡下坡工作的博物館上班；完全沒有底部磨損或是開口笑的問題，看到這則貼文蠻意外的,,,1,,,,,,
B161,B441,"上次買瑪莉珍鞋
第一次穿出門大概 3 小時
第二次穿不到一小時就在婚禮上開口笑…",,,1,,,,,,
B162,B442,"以前1-2年前，不是一雙699嗎
現在在門市看幾乎1000出頭 
但都是人跟開店成本，品質沒什麼長進",1,,1,,,,,,
B163,B443,這家的鞋去看過實體根本不想買，不符合價格,1,,,,,,,,
B165,B445,"D+AF跟one boy一樣啊
砸廣告行銷拉高價錢
品質跟史一樣",,,1,,,1,,,
B166,B446,我也不買他們家鞋（會咬腳～～,,,,,1,,,,
B167,B447,買過不同款式，我覺得只有拖鞋好穿,,,,,1,,,,
B168,B448,真的不會再買D+AF 鞋底有夠硬 我還以為我沒穿鞋,,,1,,,,,,
B169,B449,跟one bxy 一樣錢都花在廣告上,,,,,,,1,,
B170,B450,這篇文484會被刪？,,,,,,1,,,
B171,B451,"這家鞋子超 爆 爛
不是難穿就是一下就壞掉 屢試不爽
每個買過的朋友都負評
絕對一次店 不要被廣告騙
然後有什麼想罵的趕快罵一罵
這篇等下就不見囉^ _ ^",,,1,,,,,,
B172,B452,買過一次就不買了，品質沒很好；話說當時它的官網就超難用超難下訂，不知道是不是店員早就在勸退了🫠,,,1,,,,,,
B173,B453,之前買了這雙穿了不到一個月就脫皮🥲,,,1,,,,,,
B174,B454,滑貼文被舒華燒到 差點就要買了😭,,,,,,,1,,
B175,B455,我的也穿不到五次就詭異的裂開了，詢問門市還問我有沒有碰到水，整個超傻眼，以後不會再買🙄,,,1,,,,,,
B176,B456,我買過一次豆豆鞋，穿三次前面就開口笑變拖鞋😑,,,1,,,,,,
B177,B457,真的超級難穿！我買一雙皮鞋結果每次上腳就痛又磨腳！屢試不爽！後來我直接去買路邊攤一雙480長得差不多，還很好走！！！再買D+AF我就是盤子！,,,,,1,,,,
B178,B458,"買過他們家的靴子
一開始覺得蠻漂亮好穿
但穿不到半年就開口笑了",,,1,,1,,,1,
B179,B459,我也是一連買了好幾雙涼鞋，都沒穿幾次全部開口笑，我還以為是我自己的問題呢,,,1,,,,,,
B180,B460,10多年前買過一次，那時候是窮學生，那時候一雙800以內，但是穿了3次就開口笑。多年後價格翻倍，但我再也不敢買了⋯⋯,1,,1,,,,,,
B181,B461,暫且不論品質，買過一次，店員態度超差超級冷漠，謝謝不會再購買第二次了，反正他們應該也是不缺客人才敢這樣☺️,,,,1,,,,,
B182,B462,"真的偏難穿⋯⋯
之前趁特價網購買一雙厚底樂福，結果穿上去腳痛到走不動
不是那種買小的擠腳感，是真的完完全全的腳底板超痛，穿上去無法走路的部分
後來我就丟了⋯超浪費一次都沒穿出去走
所以買鞋子還是要上腳🥹",,,,,1,,,,
B183,B463,別說了..買了兩雙回去後都磨腳磨到走不了路，再也不敢買了,,,,,1,,,,
B184,B464,"我之前也買過皮鞋也是開口笑
為什麼大家損壞點都這麼規律好好奇喔🤣🤣🤣",,,1,,,,,,
B185,B465,"原來那麼不耐穿…
我只有買過拖鞋 自己覺得還可以
可能因為不到每天出門穿
下次買鞋會注意 🥺",,,1,,,,,,
B187,B467,我以為只有我這麼覺得，他們家的鞋子真的是無敵難穿的，鞋底超級無敵硬，然後又貴,1,,,,1,,,,
B188,B468,品質已經不敢領教，穿一季就要報銷,,,1,,,,,,
B189,B469,他靴子超硬🥹我每次穿都會腳痛 蝦皮買的600多塊還比較好穿🥲,,,,,1,,,,
B190,B470,同價位也是台灣品牌的grace明明也跟很多KOL合作 卻好像沒那麼紅⋯？ 而且grace的鞋還挺好穿 目前穿兩三年有了還很完整,,,1,,1,,1,,grace
B190,B470,"D+AF到底為什麼這麼多人買啊因為行銷做的比較好嗎？
",,,,,,,1,,
B190-2,B472,B190 最新代言還是舒華🥲🥲🥲,,,,,,,1,,
B190-3,B473,B190-2 刷只是想支持台灣品牌🥲可是偏偏這品牌名聲不好,,,,,,,,,
B191,B476,"可能錢都拿去請小編加打廣告吧 品質隨便囉 
每次看到這家小編廣告影片莫名尷尬⋯⋯⋯⋯",,,,,,1,,,
B192,B477,看到這牌子就想到當初買一雙靴子 還來同一邊== 是要怎麼穿哈哈哈哈超傻眼,,,,,,,,,
B193,B478,我買了三雙不同跟高的靴子，除了高跟的鞋底有點硬以外我覺得很好穿欸….雖然我都是有特價才買就是了,,,,,1,,,,
B194,B479,我上個月買了一雙快2000的白靴，穿第三次出去後竟然脫皮了⋯⋯ 品質真的很差（好像是什麼人工皮革）,,,1,,,,,,
B195,B480,"到底怎麼還會有人要買他家鞋子⋯
之前有一堆滅火文耶
難道被刪掉之前都沒有看到嗎🥹",,,,,,1,,,
B196,B481,"踩雷+1
穿了好幾個月一直忍耐還是磨腳，然後不到半年就開口笑！每次經過看到一堆人排隊真心很想勸退",,,1,,1,,,,
B197,B482,推Ann’s,,,,,,,,,ann
B198,B483,"這家真的雷！！😠
之前看廣告想說品質應該還可以
在網路上買了這家的婚鞋
結果到貨嚇死我，那個鑽超俗
還一戳就掉…….
跟圖片完全不一樣！要求退貨
客服還講一堆反正不想給我退
氣死 後來打死不買這家
但不懂為啥還有推薦文==",,,1,1,,1,,1,
B199,B484,但我的D+AF每天上班穿 穿了三年多才壞掉，我是買樂福鞋,,,1,,,,,,
B200,B485,真的 而且腳還超臭,,,1,,1,,,,
B201,B486,曾經買過 但現在不買了 也不follow了,,,,,,,,,
B202,B487,鞋子品質真的不行,,,1,,,,,,
B203,B488,"品質真的差哦
買過一次 穿沒幾隻扣子就掉了，爛",,,1,,,,,,
B205,B490,"推 品質超不一 
第一次買 穿了一兩年 因為我是上班穿 所以使用頻率很高 覺得很耐穿 
但第二次買 沒幾個月就壞掉了 事隔太久我真的忘了幾個月也忘記壞在哪 但真心傻眼⋯
後來我還是再嘗試一次 買了類似貼文這種的厚底樂福鞋 穿了腳好痛 只穿一兩次 已經塵封鞋櫃
再見D+AF  不對 是再也不見",,,1,,,,,,
B206,B491,"去店面試穿過
鞋款很好看但鞋底硬到靠北",,,,,1,,,1,
B207,B492,難穿+1,,,,,1,,,,
B208,B493,這週爆雨 D+AF也直接給我爆掉😀,,,1,,,,,,
B211,B496,可是舒華代言這個廠牌欸🫠🫠,,,,,,,1,,
B212,B497,上次買了一雙涼鞋，感想大概就是只能穿三個月的免洗鞋😮‍💨,,,1,,,,,,
B214,B499,難穿,,,,,1,,,,
B215,B500,本來想要買的，真的勸退了，居然是評論負評居多,,,,,,,,,
B216,B501,本來想要買的，真的勸退了，居然是評論負評居多,,,,,,,,,
B217,B502,"買過兩雙 一雙品質不佳退貨了 第二雙留下來
連續5、6年都淘寶 蝦皮買短靴，可是一年換一雙，很快壞掉或腳很痛
大腳又很難買漂亮的鞋子
D+AF買的第二雙就一直穿到現在！還穿去日本走路，腳沒有不舒服，也很好穿欸🥺
但44碼的鞋子長期缺貨🥲 如果這雙壞掉會想再買一模一樣的
感覺品質不是大好就大壞（？",,,1,,1,,,,
B218,B503,我買了一雙平底靴倒是撐很久我蠻愛的😆,,,1,,,,,,
B219,B504,現在的鞋子 只要一陣子沒穿 都很容易壞,,,1,,,,,,
B220,B505,好奇 跟網紅的聯名設計款 應該就是真的設計不是淘寶的？,,,,,,,1,,
B221,B506,"買了三雙 兩雙是涼鞋 一雙厚底
涼鞋一雙有一次下雨踩到水就開始壞了
而且穿久了真的腳底都會起水泡
厚底那雙皮也都破掉了
穿半年而已 一雙都1300多
三雙都再見了👋",1,,1,,1,,,,
B222,B507,這個牌子已經變成我的網紅測試牌了，有接它商案的立刻退追😊,,,,,,1,1,,
B223,B508,"推推推
我也是花了7.8百買個拖鞋
本來想說應該會耐穿一點
沒想到不好穿就算了，沒多久馬上就開口笑
後續就覺得 隨便買都比這個耐穿…",,,1,,1,,,,
B224,B509,"炒雞爛
剛出社會的時候興奮的買過一雙 下雨天整個皮爛掉 還以為自己衰
謝謝這篇文章讓我知道 真的是品牌爛",,,1,,,,,,
B226,B511,以前常常看到負評 不信邪買過一次長靴 結果一個月不到直接開口笑😀😀從此以後沒再看過他們家東西,,,1,,,,,,
B227,B512,不意外😳淘寶貨過來賣貴一倍是基本常識,1,,,,,,,,
B229,B514,他們是直接從淘寶搬運過來嗎,,,1,,,,,,
B230,B515,超容易壞 之前買一雙很快就爆了 而且超容易臭,,,1,,1,,,,
B231,B516,大家是不是都忘了Dcard也有業配過D+AF？你們再這樣罵他們的衣食父母是會被制裁的喔😮‍💨,,,,,,1,,,
B232,B517,很雷，他們家鞋子塑膠味超級重，還會有黏黏膠，重點是穿了腳會很悶，超級不舒服⋯⋯不推⋯⋯⋯錢都拿去買廣告，根本沒有用心在商品,,,1,,1,1,,,
B233,B518,"那他們也太會找代言人了吧🥹
竟然找舒華
看了真的超燒🔥🔥🔥",,,,,,,1,,
B234,B519,買完那韓國品牌 我後來穿ck皮鞋真的覺得後者更好穿更軟😂,,,,,1,,,,ck
B235,B520,謝謝這篇文章 我會避雷（本人沒買過,,,,,,,,,
B236,B521,"要買這間的樂福鞋不如去對岸買小ck
對岸小ck比我們台灣的便宜還蠻多，不知道是不是匯率的問題",,,,,,,,,ck
B237,B522,"這牌鞋子真的超難穿
買過一次就不買了",,,,,1,,,,
B239,B524,這家的厚底鞋真的不好穿！走路個十五分鐘腳底板就很痛⋯⋯,,,,,1,,,,
B240,B525,"真的不會再買D+AF +1

因為上班需要 去買一雙包鞋大約$980 還是$1080 忘了⋯⋯穿沒幾次 右腳的腳後跟鞋墊就塌了，走路都會一拐一拐的

而且每次穿都覺得鞋子很重，很悶⋯

真心覺得還不如我在蝦皮買過2雙不到$400的包鞋好穿、耐穿",,,1,,1,,,,
B242,B527,就是大陸貨台灣價根本起跳三倍價！,1,,,,,,,,
B244,B529,我也買過好像是艾莉莎莎聯名款還是推薦款之類的，超難穿還磨腳，皮還會自己脫落，根本沒穿幾次，只能丟櫃子裡,,,1,,1,,1,,
B245,B530,"買過靴子沒穿過幾次皮跟底都爛掉
腳也穿的很痛",,,1,,1,,,,
B246,B531,他們就是靠行銷,,,,,,1,,,
B247,B532,"我有買一雙涼鞋 我覺得還不錯
穿了大概一兩年了
缺點應該是鞋子的腳背那會有壓痕🥲",,,,,,,,,
B250,B534,300的鞋賣1880 牛逼了,1,,,,,,,,
B251,B535,"我去年也買了一雙兩千多的厚底鞋，後來出門穿每次穿大概20分鐘後都會腳痛，而且皮很硬很不透氣，穿越久越痛
後來決定只有很短暫出門或拍照才穿他了,因為太貴我也捨不得丟TT
原本想說是不是因為我比較鴨子腳，沒想到大家都這樣",1,,,,1,,,,
B252,B536,之前買過一雙厚底鞋，一個月沒碰水皮直接裂開？？？超級傻眼，連蝦皮隨便買的都撐比較久還便宜，從此D+AF變成拒絕往來戶,,,1,,,,,,
B254,B538,"我覺得oneboy、D+AF跟東企這三個品質根本差不多
前面兩個貼牌，淘寶貨不用期待
後面一個說是真皮但超容易壞，大染色還脫皮",,,1,,,,,,
B254-1,B539,"B254 +1 三牌都很詐騙
一個男孩和D+AF 貼牌還賣這麼貴 我超不懂
",1,,,,,,,,
B254-3,B541,B254 oneboy還有D+AF根本是貼牌屆奇跡,,,1,,,,,,
B254-4,B542,"B254 自從看過東企包包害衣服大染色的文再也不相信他家好評😅😅
D+更不用說了🙃",,,,,,1,,,
B254-6,B544,"B254 東京企劃我以前還不敢說
因為有一陣子dcard風評很不錯
結果被抓到留言葉佩就刪文 很好笑",,,,,,1,,,東京企劃
B254-7,B545,"而且東企我之前說一下好像會脫皮跟染色
一群人衝上來跟我說個案個案
超級可怕",,,1,,,,,,東京企劃
B254-8,B546,"B254 我真的要幫東企說好話
我買過她家三顆包
邊邊邊不會掉漆
很耐用便宜又好看
而且門市小姐姐都很親切
還會叫我們直接在網路上買比較便宜",1,,1,1,,,,,東京企劃
B254-9,B547,"B254-3 貼牌屆奇蹟真的太會形容😻
貼出奇跡 貼出新世界 貼出新高度😻😻

B254-7 超級慘案
包包壞就算了還弄到衣服🙃

B254-8 審美這個很主觀，他家有些稍微好一點，但不少配色我覺得蠻醜的😂
主要他的品質真的很不穩定而且就跟上面說的一樣，掛真皮其實是二層皮這點我不太能接受
給我一種為了賣貴一點的感覺",1,,1,,,,,1,
B256,B549,買了一雙紫色的高跟鞋，那個魔鬼氈黏幾次就掉了,,,1,,,,,,
B258,B551,四年前買過一次此牌包鞋，穿一兩次鞋型就跑掉了,,,1,,,,,,
B259,B552,後來買grace 真的讚,,,,,,,,,grace
B259,B552,我買過平底鞋…爆幹難穿，只穿四個小時，因為一直摩腳，直接打入冷宮,,,,,1,,,,
B260,B553,"我還想說是不是我太挑，因為他們家鞋子除了平價，真的不好穿，公司同事（小妹妹）一直瘋狂推坑我，我穿過一次就打死不再買⋯
這家真的不好穿，尤其原po貼的這雙鞋之前買過類似的，穿起來超級悶（很容易腳臭）",1,,,,1,,,,
B261,B554,"我買過2雙鞋子 穿了3、4年有欸
昨天才壞",,,1,,,,,,
B262,B555,看到版上這樣 突然覺得我選的鞋是不是只是剛好品質好的那部分，基本都買靴子類都可以穿2-3年，但是又脫線剪掉也沒開就是～,,,1,,,,,,
B263,B556,"幾年前買過一次
穿出去1次而已皮革就脫皮
跟客服反應材質差的問題還被已讀不回==",,,1,1,,,,,
B264,B557,大腳人路過 grace好穿超多！,,,,,,,1,,
B265,B558,"藝人很多時候都是身不由己
還能拒絕公司賺錢的機會嗎
而且韓國那是有名的大公司
如果是風評不好的網紅又是另當別論了",,,,,,,,,
B266,B559,我都穿Ann’s，本身腳踝受過嚴重的傷，又有足底筋膜炎，只有A的鞋子可以讓我走一整天,,,,,1,,,,ann
B268,B563,"真的是難穿到吐
第一天穿在台大跑個課 直接爛掉",,,,,1,,,,
B269,B564,"沒遇過鞋子又硬又重的
不會再買",,,,,1,,,,
B270,B565,"D+AF之後，有買過他們的短靴＆涼鞋，短靴穿了蠻容易腳痛，涼鞋穿起來還不錯。
題外話，最近他們的官網，一直在賣那種銀色的鞋娃娃鞋，一直洗我的版面，每天看，天天看，一開始是覺得不喜歡，現在看到就討厭而且很煩😅😅",,,,,1,,,,
B270-1,B566,"
.

而且達芙妮的鞋子真皮 是真的好穿🥹",,,1,,1,,,,達芙妮
B271,B567,"這家品質真的超爛 款式又都超俗
",,,1,,,,,1,
B272,B568,大約4年前有買類似娃娃鞋寫台灣製，穿起來很舒服，價格也合理，如今再去看已經找不到台灣製的商品，而且價格都翻倍增長，如果只是為了好看但很難穿，免強穿一季的話，寧願自己淘寶買回來，到時候丟了也不心痛,1,,,,1,,,1,
B273,B569,"D+AF真的不推…就很普通
價格相對也普通
我會選擇多花2-3千
買好一點的鞋子
穿起來舒服 可以穿更久
好的壞的，有穿過，有比較，真的有差。",1,,,,,,,,
B274,B570,"我以為這間品質爛已經是眾所皆知的事
只能說這間很會宣傳打廣告 負評文刪超快
一直找大咖代言 之前宋智雅 現在舒華
賺粉絲的錢😻
題外話最近看舒華也代言了RM
不知道又多少粉絲的錢會被騙 哎",,,1,,,1,1,,
B275,B571,這家只要要桶的 我穿一天回家整個染色在我腳上 襪子也不例外 真的很爛 這輩子不會再買 穿久了腳根本超痛 底還很硬 真的很不耐走…,,,1,,1,,,,
B276,B574,"我只去買過一次
買了一雙
穿了不到5次
開口笑
品質超爛的
不懂到底在紅什麼
從此再也不去買了",,,1,,,,,,
B277,B575,grace的我覺得品質比較好一些,,,1,,,,,,grace
B278,B576,買過靴子超爛 基本上撐不了三個月就壞了 表面皮也會剝落氧化,,,1,,,,,,
B279,B577,"我買了這雙超好穿 能跑能跳穿整天腳也不會痛，甚至穿去逛街 很突然的去走步道穿這雙也完全沒問題，是我的最愛🥹
目前穿了四個多月也沒有腳踝處堆疊的問題

但這雙麂皮高跟短靴就是剛買穿沒兩分鐘腳就痛爆 塞鞋墊才稍微好一點，因為真的太痛所以先把他放在冷宮🥲
真的是看鞋款+運氣（？）才能找到跟那雙靴子一樣好穿品質又棒的鞋子
但真的都很好看ε(*･ω･)_/ﾟ:･☆
也希望他們可以越做越好才能放心買開心穿ദ്ദി ˉ͈̀꒳ˉ͈́ )✧",,,,,1,,,,
B280,B578,台製鞋小專櫃的價格 艾莉莎莎代言你覺得呢？薛爛,1,,,,,,1,,
B281,B579,之前在D+AF買了一雙靴子，之後整個拉鍊分離，拿去修還沒辦法修，修鞋師傅說如果拉鍊要換需要整個車縫的皮都要換，超吐血的,,,1,,,,,,
B282,B580,他的拖鞋真的很難穿還會開口笑 但我覺得這雙很好穿欸 又好看 目前穿了3個月鞋底還在,,,1,,1,,,1,
B285,B583,"我運氣很好😭，之前有買2雙靴子，都是特價時不到$1000購入，已經穿了4年完全沒有出問題，目前仍服役中。

因為太常看到災情，之後可能也不太敢買了..",1,,1,,,,,,
B286,B584,"D+AF的風評不是一直以來都不好嗎
真的不懂為什麼那麼多人買單然後越開越多間",,,,,,,,,
B287,B585,"上圖是D+AF舒華代言款
下圖是日本品牌Vacancy的
看起來幾乎一樣...
不過這種版型的鞋子應該是Simon Rocha2023出的 後來韓國市場開始出一堆類似款 只能說現在平價品牌大家都抄來抄去啦..",,,,,,,1,1,
B288,B586,"品質超差….
不曉得為啥一堆網紅在推",,,1,,,,1,,
B289,B587,"二十初頭歲的時候我很愛買，涼鞋拖鞋類在打折時很便宜，後來有賺一些錢可以買他的更高價的代言、聯名款，發現鞋子本身材質很硬，還有鞋子外觀不對稱的問題，後來就沒再買了…
其實這個價格都可以買小CK的鞋了，去outlet買鞋也比這家有有質感。

啊 我唯一一次在路邊鞋子壞掉也是這家的鞋🤣",1,,1,,1,,1,,ck
B290,B588,我買了都可以穿1-2年欸，而且我基本上天天穿，不要為了黑而黑吧，淘寶我也常買，而且上面淘寶的鞋也太貴了吧，真的不太會買淘寶欸，便宜好穿的更多⋯不要來丟臉啦,1,,1,,,,,,
B291,B589,他們家的鞋子是真的品質超爛,,,1,,,,,,
B292,B590,花多少錢就享受什麼樣的品質囉～,,,1,,,,,,
B293,B591,"真的 第一次入坑就買了兩雙
不可能再有第三雙了🙃",,,,,,,,,
B295,B593,我以前是他們家的大粉絲，幾乎十幾雙鞋子都是他們家的，後來涼鞋穿一穿斷掉，靴子比其他家更重，走路超不舒服，之後就不買了，就把剩下的穿一穿，反正都很快壞掉😂快淘汰完了,,,1,,,,,,
B296,B594,但我買過一雙超好穿也好看的馬丁短靴，至今淘寶跟其他牌子都找不到同款，然後我那雙也開口笑了但沒找到替代品前不敢丟🥲,,,1,,,,,,
B297,B595,"之前買過一次膝上靴，穿蠻久的覺得還不錯
但是還有一次買短靴，底硬到炸裂筒圍也超硬一直刮腳，穿長襪也沒用整個懷疑人生超痛
後續買有幾雙也是超硬
而且金額算高，品質不穩定
半價才會買，覺得原價買很盤
要買也得試穿走舒服
但是沒在買過了🥹是因為是大腳43才會看他們的鞋子",1,1,1,,1,,,,
B298,B596,"D+AF一直都是淘寶這不是年年都有人在發嗎
但我是41.42大腳怪
所以不得不說在台灣真的偏難買 這家出到很大",,1,,,,,,,
B299,B597,"超爛
穿去出門旅遊結果直接開口笑，買不到一年 ",,,1,,,,,,
B300,B598,一開始還是小品牌的時候可以買算是平價，後來行銷做起來之後反而品質就不穩定了。,1,,1,,,,,,
B302,B600,"真的超級爛！！
買不到一個月穿不到10次走在信義區直接給我掉底部^_^
而且仔細看質感很差",,,1,,,,,,
B303,B601,"我買過之前艾莉莎莎的聯名款涼鞋 
鞋底是軟的，但有微跟的鞋子走久都可能不太舒服
個人覺得還不錯…穿了有2、3年了？",,,1,,1,,1,,
B304,B602,"貴還難穿腳痛
買了兩雙真的超後悔 還是要把他穿到壞掉…",1,,1,,1,,,,
B305,B603,"逆個風 買過兩次覺得挺不錯
可能是我挑到還行的款？
一雙長靴一雙瑪莉珍
到現在穿過蠻多次還有穿去日本走過路
走起來雖然不是特別舒適但也不會很難走
主要是我覺得穿起來超好看
跟一般的鞋子比起來腿細長很多
也還沒有遇到壞掉的問題😵‍💫",,,1,,1,,,,
B306,B604,買了三雙 穿了四年都沒壞 連皮都沒破 其中一雙還淋過雨去過墳墓都沒事 看來我運氣很好,,,1,,,,,,
B307,B605,一直都覺得這家的鞋子很醜，去試穿也是真的不太適合自己，也不太懂在紅什麼，塑膠廉價感很重而且不便宜，真的可以買淘寶貨就好,1,,1,,,,,1,
B308,B606,上次去購買沒有我的尺寸 說全台灣都沒貨了 只剩這雙 結果隔幾天我逛官網 明明有我的尺寸 還硬說沒貨 害我買一雙不合尺寸的😀,,1,,1,,,,,
B310,B608,這家兩年前買過厚底鞋，穿沒多久也是開口笑..從此不再買,,,1,,,,,,
B311,B609,他們的鞋我真不知道在貴什麼的😧,1,,,,,,,,
B312,B610,非常認同！！我就是連續買了兩次他們家的鞋子結果穿不到幾個月就開口笑 有夠生氣！從此拒絕買他們家的鞋子,,,1,,,,,,
B313,B611,"我買過他們的靴子和德比鞋，都沒有磨腳或鞋底太硬的問題
靴子穿一年多才開口笑，但德比鞋穿不到幾個月鞋底直接裂開+斷掉🫠",,,1,,,,,,
B314,B612,"完全不買這家～
根本x寶上都找的到然後賣超貴",1,,,,,,,,
B315,B613,這家鞋子真的爛到不行，買回去才穿幾次鞋底直接爛掉,,,1,,,,,,
B316,B614,這個牌子的品質跟路邊攤有得比,,,1,,,,,,
B317,B615,"他們家的鞋我都是當季穿完就丟了
穿完一個夏季或冬季就好
這個價格不會要求太多🤣",1,,,,,,,,
B318,B616,可是我覺得我買的D+AF白色裸靴超好穿、很好走耶！,,,,,1,,,,
B319,B617,"每次買每次出事
不是腳被磨爛就是哪裡掉哪裡斷，賣這個價錢壞這麼快我去買路邊攤或地下街390一雙的都還比較開心。

第一次遇到不管誰代言都不會想買的牌子🙄️",,,1,,1,,,,
B320,B618,"買了一雙契爾西路過….
穿一次邊邊直接裂開 不誇張…
而且我完全正常穿正常走路",,,1,,,,,,
B321,B619,第一次走路沒幾下跟掉下來的就是他家,,,1,,,,,,
B322,B620,今天去逛百貨公司有看到 好加在沒買,,,,,,,,,
B323,B621,買過一次就拒絕往來戶了！廣告打很兇，不上當太難了🤣🤣,,,,,,,1,,
B324,B622,好幾年前買過，第二次機會後發誓再買就不姓陳，爛到不行。,,,,,,,,,
B325,B623,"品質超爛啊 網圖都很美
到實體店面晃一晃甚麼都不想買了",,,1,,,,,1,
B326,B624,B136 B15 我反而是390比較耐穿，D+AF鞋穿兩個月底就跟鞋分離了🥲，390至少還可以穿一年以上，朋友的D+AF涼鞋才剛買不到一個月，逛個街鞋帶就斷了...,,,1,,,,,,
B327,B625,推推ANNS,,,,,,,,,ann
B328,B626,"D+AF真的只適合小腳
之前去店面試過，上腳後的感覺真的不修飾
看他們小編的腳感覺都是小腳，所以穿起來都滿好看
同樣的價錢韓製鞋子版型包容性還更好
而且店面的銷售人員真的不太專業",,1,,,,,,,
B329,B627,"我穿D+AF的尖頭低跟鞋 兩次 走動不到2小時 雙腳腳趾頭/腳後跟都破皮破到不成腳形！
朋友都說沒看過破皮破成這樣的！",,,,,1,,,,
B330,B628,而且他的鞋底超級硬 根本不舒服,,,,,1,,,,
B331,B629,錢都拿去打廣告了沒錢顧品質吧ww,,,1,,,,1,,
B332,B630,"他們家鞋真的超難穿…
以前官網賣790，現在直接抬價位賣1680，還是一樣超硬走到腳痛，鞋底還會脫落==
每次看到門市很多人都超疑惑",1,,1,,1,,,,
B333,B631,"這牌就是貼標牌
因為腳大加上以前覺得便宜，還可以接受品質的部分，現在用越來越貴惹～～就覺得不划算😂",1,1,1,,,,,,
B334,B632,鞋子推買小ck的！好穿質量好又和D+AF價錢差沒多少🤣,1,,1,,1,,,,ck
B336,B634,之前買過切爾西靴 不知道為什麼鞋還被我穿到凹下去，直接見底,,,1,,,,,,
B337,B635,"他們家鞋子品質真的越來越爛，價錢卻越來越貴！！！
之前去信義區門市買一雙樂福鞋結果穿沒幾次，鞋墊那層就已經跟泡棉分離，把腳底弄的黏黏的🙄🙄而且他們鞋穿了之後，腳會超級臭🤢🤢🤢",1,,1,,1,,,,
B341,B639,"大推這家Jeffrey Campbell
第一次嘗試買長靴
一買直接愛上
不知道有沒有買過的人有心得的
有可能我接受度畢竟高",,,,,,,,,
B342,B640,還不如去買NET,,,,,,,,,net
B343,B641,"他們品質真的很差！！！之前本來想在淘寶上買但因為不想等所以就在門市買了
現在超後悔 明明就是淘寶貨又賣那麼貴😡",1,,1,,,,,,
B344,B642,買過長靴 腳本身蠻大的 但那雙鞋穿幾次都會磨腳好痛苦 材質也很硬⋯⋯,,1,,,1,,,,
B345,B643,"不過我目前買他們家鞋子還沒有遇到會咬腳或是穿了會腳痛的問題耶
個人覺得蠻好穿的，連朋友也說好穿 🤣
可能真的因人而異～而且碰到打折可以在1500以內買到喜歡的鞋，不會不划算啦
要是真的差到沒人要買也不可能繼續展店打廣告，最近還請刷代言，肯定多少是有好的地方",,,,,1,,1,,
B347,B645,品質很差，靴子穿三次就裂了,,,1,,,,,,
B348,B646,"D+AF真的是大腳友善，而且我跟我朋友穿了都沒有磨腳開口笑的問題😲
我已經回購3、4雙了，每雙都經歷過奔跑久站踩水坑，每雙都穿一年半左右，我覺得超耐穿",,1,1,,,,,,
B349,B647,買過一次 穿沒幾次鞋就掉皮==,,,1,,,,,,
B349-1,B648,我買的靴子 才穿一次就掉皮…🔪,,,1,,,,,,
B350,B649,net的娃娃鞋穿了兩年颳風下雨爬山仍健在,,,1,,,,,,net
B352,B650,"我買三雙 三雙都壞….所以我是意外嗎？😀
平均兩個月壞一雙欸",,,1,,,,,,
B353,B651,"誰很好穿的人 到底都是什麼鐵牛腿
敬佩到不行",,,,,1,,,,
B354,B652,"他們的鞋子我不知道為什麼這麼大開這麼多
我買了一雙沒想到遇到雨天直接開口笑
我才買不到一個月
材質超爛…
又貴
跟我之前買0京0衣一樣，買了一條褲子才穿一天就裂掉屁股那邊直接變兩半，然後我手都是被褲子染色的顏色。",1,,1,,,,,,
B355,B653,"我有買過一雙才穿第一天就掉漆^ _ ^
因為我只有穿不到半天 也沒有踢到任何東西 也覺得超扯不知道是怎樣🥹",,,1,,,,,,
B356,B654,"真的很雷！
買兩次靴子使用沒多久
底部都會裂開！裡面都是紅色絨毛會染上襪子
襪子底部都會變紅色的…..",,,1,,,,,,
B358,B656,"我買的高底靴也不錯穿欸
穿去日本走五天都不會腳酸也不磨腳
不過是蠻不防滑的，好幾次走在雪地上都差點滑倒",,,,,1,,,,
B359,B657,"品牌的形象本來就很……
不懂怎麼會有人……",,,,,,,,,
B360,B658,"可是
我買了五雙 真的沒穿壞過⋯",,,1,,,,,,
B361,B659,之前買了一兩雙，都超級難穿，腳底很硬，下定決心再也不買他們家的鞋…,,,,,1,,,,
B362,B660,"陸續買過三雙.. 
一開始以為只是版型問題..
穿到第三雙時依舊覺得不太好穿🥹",,,,,1,,,,
B363,B661,Airspace 的靴子都比他們好穿,,,,,1,,,,Airspace
B364,B662,真的想哭🥲買了一雙靴子 第一天穿出門回家兩腳都有一點掉皮…明明正常使用也沒有摩擦到🙃,,,,,,,,,
B365,B663,順帶一提台北信義區有一個店員態度超差？？,,,,1,,,,,
B366,B664,"他就是鞋子的快時尚
會行銷、造品牌
但整體還是給人貼牌感
我覺得學生黨趕流行可以
但如果已經可以負擔的起高價位的女性
真的不建議買這家
也有漂亮又好穿的鞋子",,,,,,,,1,
B367,B665,第一天穿了一整天，小拇指的指甲直接掉下來，嚇到直接丟進垃圾桶,,,,,1,,,,
B370-1,B669,"B371 如果想買好一點的鞋 
全真皮的 價格又不會很貴
可以去看C&H (ig搜） 
超好穿又耐穿 CP值超高！！",1,,1,,1,,,,C&H
B371,B670,這篇竟然還在,,,,,,1,,,
B372,B671,"我是已經買過四雙… 分別是兩個靴子+兩個涼鞋 都沒有抽到籤王！也都穿超過2年了
我不知道今年啦 至少以前的品質不會不穩定🥲",,,1,,,,,,
B373,B672,"D+AF真的好穿也好看
但品質真的需要加強
真的穿一季就不行的鞋",,,1,,1,,,1,
B374,B673,"原本也是看網路上評價偏差
但有一款聯名靴真的好好看
淘寶也找不到一模一樣
就狠下心買了
穿了好幾次穿一整天除了我腳板寬痛之外都還可以接受",,,,,1,,,,
B375,B674,他們厚底可以 跟鞋平底都不太行,,,1,,,,,,
B376,B675,"買過幾雙很後悔
我是網路上買的
每次買鞋都買38所以第一次就買38
腳真的很痛我下次買別的就買39
真的超級無敵不舒服
難穿 又很容易壞掉
買過一雙涼鞋不到半年就斷掉
現在才知道淘寶這個驚人的事實
現在還讓舒華代言 整個大翻白眼
想起來真的很賺

我曾經在中山捷運站店的對面
大聲說「這間超難穿又貴又很容易壞掉，完全不懂為什麼一堆人都要去買，比高跟鞋難穿」
旁邊就有一個女生看過來
我才發現他穿著他們家的鞋子🤣🤣🤣

真的要好好宣揚一下
這間店真的別在害大家了",1,,1,,1,,,,
B377,B676,因為難穿 所以根本穿不到他壞🤣,,,,,1,,,,
B378,B677,這家的價錢差不多，但品質不錯，而且買一雙都可以穿個1、2年,1,,1,,,,,,
B379,B680,"這邊想補充

關於行銷與品質
這個年代會行銷的不等於品質好
當然也有很多品牌是行銷與品質兼具
但品牌這種東西本來就是被打造出來的
這是一個資本為主的社會
代言人與品牌方就是一種工作關係
我覺得也不用太上升到
為什麼舒華要代言之類的
D+AF就是知道年輕人喜歡什麼
在款式上也是偏向流行取向
他精準瞄準他要的客戶
我覺得就是座落在大學-25歲左右
你問我這個年紀（我32）
會因爲舒華買他們家的鞋子嗎
其實不會

年紀更長、有更多預算的人
自然就不會第一時間被廣告打到
或是考慮買他們家的鞋子

我覺得在行銷上
他們的確有做到他們想要的
消費者就要在這個時代更多擁有判斷能力",,,,,,,1,,
B380,B681,所以才有辦法找舒華代言啊哈哈哈哈,,,,,,,1,,
B381,B682,"真心爛！ 
曾經給過兩次機會，一次是穿去婚禮當伴娘，可能是因為整天走來走去，後來再穿兩三次就．．．．壞掉了：）
另一次是當一半外出鞋穿，真的不到十次一樣壞掉，沒有什麼走路歪腳的壞習慣，但真心覺得不耐用價格又貴。

比之前在路邊買390又不錯看的鞋子還不耐穿QQ",1,,1,,,,,,
B382,B683,不買,,,,,,,,,
B383,B684,阿不就是是貼牌貨，跟買掏寶差不多吧，沒有自己的生產線合作，到處工廠拿貨貼牌所以品質不一，能不能買到好貨就看運氣了，多花點錢買專櫃品牌吧,,,1,,,,,,
B384,B685,"之前有買過靴子～
是挺好看好搭配的，但還是有點摩腳🥲",,,,,1,,,1,
B385,B686,看到這麼多“落底”的就讓我覺得，那個鞋底是用雙面膠黏的嗎？？,,,1,,,,,,
B386,B687,D+AF就流行款上很快，價格也比外面店家再便宜一點，錢都砸在宣傳，年輕族群很好入手，但最近價格好像上漲的趨勢，聽說過他們都是從🍑批貨來改標的😅,1,,,,,,1,,
B387,B688,"25.5大腳人
推推這牌子，好穿、耐穿又好看，價格又不貴❤️
我買過DK、愛迪達還有其他名牌的鞋子，試穿的結果都不太好，不耐穿、穿了腳痛🥲
這牌子是經過我N次失敗實驗後的結果，推薦給大家😂",1,,1,,1,,,1,
B388,B689,"超難穿+1
以前還沒實體店面時就買過又硬又摩腳
後來有實體店面看到是邵雨薇代言
有去店裡試穿靴子依然覺得又硬難穿😟",,,,,1,,1,,
B389,B690,"可是我買他們家的靴子 穿一整天不會痛
買其他牌同款 痛到不行欸….",,,1,,,,,,
B390,B691,"頭一次讓我在路上開口笑的鞋子 （？）
從此列為拒絕往來 太丟臉了 而且我走在街上人群超多 我就在那邊跛腳走路
隨便去夜市買390的厚底 穿了一年才壞 而且只是表皮裂那種",,,1,,,,,,
B391,B692,買過好幾雙也是穿一兩次落底、掉漆,,,1,,,,,,
B392,B693,但我穿一年多的馬丁靴都沒事欸,,,1,,,,,,
B393,B694,"買了他們家樂福鞋過兩年味道都沒散掉
從此不買😌
附購買圖為證",,,1,,,,,,
B394,B695,不會緊 很剛好 但是就是味道散不掉,,,1,,,,,,
B395,B696,"買過兩雙 都穿到跟掀起來
品質超級無敵爛
真的別買",,,1,,,,,,
B396,B697,"他們家鞋子真的很好看
但就是超不耐⋯⋯⋯",,,1,,,,,1,
B397,B698,買過一雙短靴！穿出去三四個小時腳就已經痛到走不了路，回家才發現大拇指的指甲都瘀血…,,,,,1,,,,
B398,B699,"我買的也是一年就開口笑 
想說消耗品 至少好穿
本來要再傻傻回去買 
結果一試感覺品質跟款型都變了
直接決定不再買
價格這麼貴東西品質又不好 
我直接加價去買百貨公司的
至少可以穿個3-5年以上",1,,1,,,,,,
B399,B700,真的品質不太好，之前網路訂了幾雙，到貨發現實品的用料很低廉，雖然他們售價是不高，但是真的就沒那個質感，蠻粗糙的…後來整批退貨朋友買了也是穿個幾次就壞掉，還不如再多添一些錢買個品質好點的穿比較久，又環保～,1,,1,,,,,,
B400,B701,"我前同事之前有在她們家上班有跟我說他們家的貨就是掏寶進的 只是把標籤換掉再打上她們家的標籤…所以我都不買她們的商品
",,,1,,,,,,
B401,B702,真的欸差點要線上直接買 結果因為急需去店裡試穿 一整個磨腳 又沒有很好看,,,,,1,,,1,
B402,B703,難怪 我就覺得他家鞋子好難穿,,,,,1,,,,
B404,B705,他們家的鞋我有買，不適合穿來逛街，腳會很容易痛,,,,,1,,,,
B405,B706,"我都買到vip頂了😂我覺得超好穿 只是每次代言的人都讓我不想買
現在才看到這篇 我根本盤爆",,,,,1,,1,,
B406,B707,"我買了五雙穿了一年多
目前只有一雙開口笑

感覺應該還行…？",,,1,,,,,,
B407,B708,"之前為了學校活動買了一雙樂福鞋 試穿還好 但活動當天腳超級痛的 足弓鏤空沒有支撐 
根本是鞋底版型不ok 雖然好看但真的不實用 走不到30分鐘直接想拿去丟",,,,,1,,,,
B408,B709,我2004年創立的也是品質很爛啊,,,1,,,,,,
B409,B710,為何我在漢神巨蛋買的還很勞？,,,,,,,,,
B410,B711,我買過，品質爛到不行！穿不到半年開口笑,,,1,,,,,,
B411,B712,"其實也知道可能是大陸貨 但當年不會網購
現在會了根本不打算再去買😜",,,,,,,,,
B412,B713,"必須嘴！
這間的材質真的爛到哭
只有4年前剛出社會買來穿過
磨腳又容易壞
穿幾次就壞了
後來還是直接買貴一點的牌子比較耐穿
（但他們家真的砸很多錢買廣告，品質都不顧，我現在都拒買廣告買很大的牌子了）",,,1,,1,,1,,D+AF
B413,B714,他的鞋不好穿,,,,,1,,,,D+AF
B414,B715,B413 真的難穿到爆！,,,,,1,,,,D+AF
B415,B716,"不懂大家在罵什麼
一分錢一分貨啊
這種親民的價錢是要多耐穿
覺得爛就不要買便宜貨啊…",1,,1,,,,,,D+AF
B416,B717,但我買過好多雙皮鞋跟靴子穿了快1年半都沒事,,,1,,1,,,,D+AF
B417,B718,我也有買一雙高跟鞋 腳磨出水泡,,,,,1,,,,D+AF
B418,B719,加點錢都可以買百貨公司專櫃得了,1,0,0,0,0,0,0,,D+AF
B419,B720,難得這一篇文章還在欸,0,0,0,0,0,1,0,,D+AF
B420,B721,"B43-11 認真！買過短靴和切爾靴 
除了短靴被我家狗啃壞（⋯）是真的覺得好穿",0,0,0,0,1,0,0,,ann
B421,B722,哇！還好我有來查一下D+AF鞋 本來打算去台中那邊買.....看到你們這樣說我不敢買ㄌ..,0,0,0,0,0,0,0,,D+AF
B422,B723,"日系風格愛好者的我經過看到幾雙很日系的忍不住去看
看到價格退縮，好險有看到這篇",1,0,0,0,0,0,0,,D+AF